type,value,value_item,class,class_short
Bug Report,Achievement,Capable,Ensuring Secure Email Transmission Through Encryption Standards,Secure Email Transmission Via Encryption Standards
Bug Report,Achievement,Capable,Enhancing Software Stability And Trust Through Updates,Enhanced Software Stability & Trust Via Updates
Bug Report,Achievement,Capable,Software Functionality Enhancements Support User Control,Functionality Enhancements Support User Control
Bug Report,Achievement,Intelligent,Enhancing User Experience Through Seamless Software Updates,Enhanced User Experience Via Seamless Software Update
Bug Report,Achievement,Intelligent,Maintaining Stability Through Error Resolution,Maintaining Stability Via Error Resolution
Bug Report,Achievement,Intelligent,Encryption Improves Secure Messaging,Encryption Improves Secure Msg
Bug Report,Achievement,Successful,Enhancing Privacy Security Through Encryption Updates,Enhanced Privacy & Security Via Encryption Update
Bug Report,Achievement,Successful,Stable Software Boosts User Satisfaction,Stable Software Boosts User Satisfaction
Bug Report,Achievement,Successful,Ensuring Functionality Through Software Compatibility,Ensuring Functionality W/ Software Compatibility
Bug Report,Achievement,Successful,Dex Transformation Streamlines Experience,Dex Transform Streamlines Experience
Bug Report,Achievement,Successful,Accurate Communication With Consistent Messaging Fixes,Accurate Comm With Consistent Msg Fixes
Bug Report,Benevolence,Responsibility,Enhancing Software Reliability Through Developer Accountability And Self-Discipline,Enhanced Software Reliability Via Developer Accountability & Self-Discipline
Bug Report,Benevolence,Responsibility,Optimizing Contact Management For User Organization And Responsibility,Optimize Contact Mgmt For User Org & Responsibility
Feature Request,Benevolence,True Friendship,Enhancing User Experience Through Seamless Software Updates,Enhanced User Experience Via Seamless Software Update
Bug Report,Benevolence,True Friendship,Improving Server And App Performance,Improved Server & App Performance
Bug Report,Benevolence,True Friendship,Mms Delivery In Apps Improves Communication,Mms Deliv In Apps Improves Comm
Feature Request,Benevolence,True Friendship,Efficient And Secure Email Management,Efficient & Secure Email Mgmt
Feature Request,Benevolence,True Friendship,Interface Improvements Enhance Interaction,Interface Enhancements Boost Interaction
Bug Report,Benevolence,True Friendship,Enhancing User Experience Through Seamless Software Updates,Enhanced User Experience Via Seamless Sw Update
Bug Report,Benevolence,True Friendship,Code Optimization Boosts Efficiency,Code Optimization For Efficiency Boost
Feature Request,Benevolence,True Friendship,Enhancing Software Security Through Efficient Data Management,Enhanced Software Security Via Efficient Data Mgmt
Bug Report,Conformity,Politeness,Enhancing Considerate Communication Through Improved Software,Enhanced Considerate Communication Via Improved Software
Bug Report,Conformity,Politeness,Software Encourages Cultural Respect,Software Encourages Cultural Respect
Bug Report,Conformity,Politeness,Enhancing Email Trust And Professionalism Through Identity Accuracy,Enhanced Email Trust & Professionalism Via Identity Accuracy
Bug Report,Conformity,Politeness,Enhancing Privacy Security Through Encryption Updates,Enhanced Privacy & Security Via Encryption Updates
Bug Report,Conformity,Self-Discipline,Adherence To Guidelines Enhances Software,Guidelines Adherence Enhances Software
Bug Report,Conformity,Self-Discipline,Secure Communication Via Interface Improvements,Secure Communication Via Interface Enhancements
Feature Enhancement,Conformity,Self-Discipline,Software Management Enhances Structure,Software Mgmt Enhances Structure
Feature Enhancement,Conformity,Self-Discipline,Encryption Improves Secure Messaging,Encryption Boosts Secure Messaging
Feature Enhancement,Conformity,Self-Discipline,Software Enhancements For Self-Discipline And Family Safety,Enhanced Software For Self-Discipline & Family Safety
Bug Report,Conformity,Self-Discipline,Encryption Improves Secure Messaging,Encryption Enhances Secure Messaging
Bug Report,Conformity,Self-Discipline,Software Enhancements For Self-Discipline And Family Safety,Software Enhanced Self-Discipline & Family Safety
Bug Report,Hedonism,Enjoying Life,Enhancing User Experience Through Seamless Software Updates,Enhanced User Experience Via Seamless Software Update
Feature Request,Hedonism,Enjoying Life,Automated Tasks Streamline Processes,Automated Tasks Streamline Process
Bug Report,Hedonism,Enjoying Life,Automated Tasks Streamline Processes,Auto Tasks Streamline Processes
Feature Request,Hedonism,Enjoying Life,Enhancing User Hedonism Via Technical Improvements,Enhanced User Hedonism Via Tech Improvements
Bug Report,Hedonism,Enjoying Life,Improving Communication Reliability With Email Fixes,Improved Comms Reliability W/ Email Fixes
Bug Report,Hedonism,Enjoying Life,Securing Data With Vulnerability Fixes,Data Security Via Vulnerability Fixes
Bug Report,Hedonism,Enjoying Life,Enhancing User Hedonism Via Technical Improvements,Enhanced User Hedonism Via Tech Improvements
Feature Request,Hedonism,Enjoying Life,Securing Data With Vulnerability Fixes,Securing Data W/ Vulnerability Fixes
Bug Report,Hedonism,Enjoying Life,Stable Software Boosts User Satisfaction,Stable Software Boosts User Satisfaction
Bug Report,Hedonism,Pleasure,Stable Software Boosts User Satisfaction,Stable Software Boosts User Satisfaction
Bug Report,Hedonism,Pleasure,Efficient Email Processes Enhance Productivity,Efficient Email Processes Boost Productivity
Bug Report,Hedonism,Pleasure,Software Encourages Cultural Respect,Software Boosts Cultural Respect
Bug Report,Power,Authority,Secure Communication Via Interface Improvements,Secure Comm Via Interface Enhancements
Bug Report,Power,Social Recognition,Enhancing User Experience Through Seamless Software Updates,Enhanced User Experience Via Seamless Software Update
Bug Report,Power,Social Recognition,Software Functionality Enhancements Support User Control,Enhanced Software Functionality & User Control Support
Bug Report,Power,Social Recognition,Improving Software Features Boosts Social Influence And Recognition,Improved Software Features Boost Social Influence & Recognition
Bug Report,Power,Social Recognition,Software Usability Improves User Empowerment,Software Usability Boosts User Empowerment
Feature Enhancement,Power,Social Recognition,Software Usability Improves User Empowerment,Usability Improves User Empowerment
Feature Enhancement,Power,Social Recognition,Software Functionality Enhancements Support User Control,Functionality Enhancement & User Control Support
Feature Enhancement,Power,Social Recognition,Enhancing User Experience Through Seamless Software Updates,Enhanced User Experience Via Seamless Software Update
Bug Report,Security,Family Security,Software Enhancements For Self-Discipline And Family Safety,Enhanced Software Self-Discipline & Family Safety
Bug Report,Security,Family Security,Improving Stability And Security Through Media Management,Improved Stability & Security Via Media Mgmt
Bug Report,Security,Family Security,Stable Software Boosts User Satisfaction,Stable Software Boosts User Satisfaction
Bug Report,Security,Family Security,Securing Data With Vulnerability Fixes,Data Security Via Vulnerability Fixes
Bug Report,Security,Family Security,Enhancing Privacy Security Through Encryption Updates,Enhanced Privacy & Security Via Encryption Update
Bug Report,Security,Reciprocation of Favors,Optimizing Contact Management For User Organization And Responsibility,Optimize Contact Mgmt For User Org & Responsibility
Bug Report,Security,Reciprocation of Favors,Fixing Issues Improves Security,Fixing Issues Boosts Security
Bug Report,Security,Reciprocation of Favors,Software Aligns With User Preferences,Software Aligns W User Preferences
Bug Report,Security,Reciprocation of Favors,Software Supports User Privacy,Software Supports User Privacy
Bug Report,Security,Social Order,Enhancing Software Stability And Trust Through Updates,Enhanced Software Stability & Trust Via Updates
Bug Report,Security,Social Order,Enhancing Privacy Security Through Encryption Updates,Enhanced Privacy & Security Through Encryption Update
Bug Report,Security,Social Order,Security Enhancements Strengthen Software,Enhanced Security Strengthens Software
Bug Report,Security,Social Order,Software Usability Improves User Empowerment,Software Usability Improved User Empowerment
Bug Report,Security,Social Order,Enhancing User Experience Through Seamless Software Updates,Enhanced User Experience Via Seamless Software Updates
Bug Report,Security,Social Order,Improving Organization Through Software Management,Improved Org Via Software Mgmt
Bug Report,Security,Social Order,Secure Communication With Status Updates,Secure Comm With Status Updates
Bug Report,Security,Social Order,Interface Improvements Enhance Interaction,Interface Improvemts Enhance Interaction
Bug Report,Security,Social Order,Improving Communication Reliability With Email Fixes,Improved Communication Reliability & Email Fixes
Bug Report,Self Direction,Independent,Enhancing User Customization And Control In Communication Services,Enhanced User Customization & Control In Communication Services
Feature Request,Self Direction,Independent,Enhancing User Customization And Control In Communication Services,Enhanced User Customization & Control In Comms Services
Feature Request,Self Direction,Independent,Enhancing Navigation And Usability Across Diverse Devices,Enhanced Nav & Usability Across Devices
Bug Report,Self Direction,Independent,Enhancing Privacy Security Through Encryption Updates,Enhanced Privacy & Security Via Encryption Update
Feature Request,Self Direction,Independent,Enhancing User Autonomy And Access Control Through Syncing,Enhanced User Autonomy & Access Control Via Syncing
Feature Request,Self Direction,Independent,Software Promotes User Independence Through Features,Software Promotes User Independence Thru Features
Bug Report,Self Direction,Independent,Enhancing User Autonomy Through Software Upgrades And Flexibility,Enhanced User Autonomy Via Software Upgrades & Flexibility
Bug Report,Self Direction,Independent,Improving And Personalizing Notification Access,Improved & Personalized Notification Access
Bug Report,Self Direction,Independent,Crash Prevention Strengthens Family App Security,Crash Prevention Strengthens Family App Security
Bug Report,Self Direction,Independent,Data Transfer Optimization Promotes Sustainability,Data Transfer Optimiz. Promotes Sustainability
Bug Report,Self Direction,Independent,Software Promotes User Independence Through Features,Software Promotes User Independence Via Features
Feature Request,Self Direction,Independent,Custom Domains Empower User Control,Custom Domains Empower Control
Bug Report,Self Direction,Independent,Secure Communication Via Interface Improvements,Secure Comm Via Interface Enhancements
Bug Report,Self Direction,Independent,Software Management Enhances Structure,Software Mgmt Enhanced Structure
Bug Report,Self Direction,Independent,Reducing Clutter For Resource Efficiency,Reduce Clutter For Resource Efficiency
Bug Report,Self Direction,Independent,User Control Empowered With Proxy Settings,User Control Via Proxy Settings
Feature Request,Self Direction,Independent,Software Feature Enables Conversation Export,Software Feature Enables Chat Export
Feature Request,Self Direction,Independent,Enhancing User Experience And Autonomy Through Error Fixes,Enhanced User Experience & Autonomy Via Error Fixes
Bug Report,Self Direction,Independent,Local Storage Security Enhances Professionalism,Local Storage Security Enhanced Pro
Bug Report,Self Direction,Privacy,Enhancing Privacy Security Through Encryption Updates,Enhanced Privacy & Security Via Encryption Update
Bug Report,Self Direction,Privacy,Building Trust And Transparency In Software Integrations,Trust & Transparency In Software Integrations
Bug Report,Self Direction,Privacy,Security Enhancements Strengthen Software,Enhanced Security Strengthen Software
Bug Report,Self Direction,Privacy,Enhancing Software Security Through Valid Imports And Integrity,Enhanced Software Security Via Valid Imports & Integrity
Bug Report,Stimulation,Daring,Enhancing User Experience Through Seamless Software Updates,Enhanced User Experience Via Seamless Software Update
Bug Report,Stimulation,Daring,Enhancing User Experience And Autonomy Through Error Fixes,Enhanced User Experience & Autonomy Via Error Fixes
Feature Request,Stimulation,Daring,Enhancing User Experience Through Seamless Software Updates,Enhanced User Experience Via Seamless Software Update
Bug Report,Stimulation,Daring,Software Usability Improves User Empowerment,Software Usability Improves User Empowerment
Feature Request,Stimulation,Daring,Improving Stability And Security Through Media Management,Improved Stability & Security Via Media Mgmt
Feature Request,Stimulation,Daring,Messaging Fixes Promote Communication Inclusivity,Msg Fixes Promote Comm Inclusivity
Feature Request,Stimulation,Daring,Enhancing Local Access Through Email Decryption And File Handling,Enhanced Local Access Via Email Decryption & File Handling
Bug Report,Stimulation,Daring,Messaging Fixes Promote Communication Inclusivity,Messaging Fixes Promote Communication Inclusion
Bug Report,Stimulation,Excitement in Life,Enhancing User Customization And Control In Communication Services,Enhanced User Customization & Control In Communication Services
Bug Report,Stimulation,Excitement in Life,Enhancing User Experience And Autonomy Through Error Fixes,Enhanced Ux & Autonomy Via Error Fixes
Bug Report,Stimulation,Excitement in Life,Browser Functionality Enhances User Experience,Browser Functionality Enhanced User Experience
Bug Report,Stimulation,Excitement in Life,Android Auto Performance Improves,Android Auto Performance Enhanced
Bug Report,Stimulation,Excitement in Life,Ensuring Secure And Efficient Message Delivery,Secure & Efficient Msg Delivery
Bug Report,Stimulation,Excitement in Life,Enhancing Software Security Through Efficient Data Management,Enhanced Software Security Via Efficient Data Mgmt
Bug Report,Stimulation,Excitement in Life,Improving And Personalizing Notification Access,Improved & Personalized Notification Access
Bug Report,Tradition,Devoutness,Enhancing User Experience Through Seamless Software Updates,Enhanced Ux Via Seamless Software Update
Bug Report,Tradition,Devoutness,Enhancing Software Reliability Through Transparency And Guidelines,Enhanced Software Reliability Via Transparency & Guidelines
Bug Report,Tradition,Respect for Tradition,Local Storage Security Enhances Professionalism,Local Storage Security Enhanced Professionalism
Bug Report,Tradition,Respect for Tradition,Enhancing Consistency In User Interface And Privacy Settings,Enhanced Consistency In Ui & Privacy Settings
Feature Request,Tradition,Respect for Tradition,Enhancing Consistency In User Interface And Privacy Settings,Enhanced Ui & Privacy Consistency
Bug Report,Tradition,Respect for Tradition,Ensuring Secure Email Transmission Through Encryption Standards,Secure Email Transmission Via Encryption Standards
Bug Report,Universalism,Equality,Messaging Fixes Promote Communication Inclusivity,Messaging Fixes Promote Comms Inclusivity
Bug Report,Universalism,Equality,Improving Organization Through Software Management,Improved Org Via Software Mgmt
Bug Report,Universalism,Equality,Enhancing Software Usability Through Language Alignment And Consistent Coding,Enhanced Software Usability Via Language Alignment & Consistent Coding
Bug Report,Universalism,Equality,Users Selection Of Default Sim Card,Users Select Default Sim Card
Bug Report,Universalism,Equality,Blockchain And Information Access Equality,Blockchain & Info Access Equality
Bug Report,Universalism,Protecting the Environment,Reducing Emissions With Optimized Data Transmission,Reduced Emissions Via Optimized Data Transmission
Bug Report,Universalism,Protecting the Environment,Enhancing Privacy Security Through Encryption Updates,Enhanced Privacy & Security Via Encryption Update
Bug Report,Universalism,Protecting the Environment,Optimizing Software Fixes For Performance,Optimize Software Fixes For Performance
Bug Report,Universalism,Protecting the Environment,Enhancing Privacy Through Cookie Management,Enhanced Privacy Via Cookie Mgmt
Bug Report,Universalism,Protecting the Environment,Minimizing Unnecessary Data Practices Promotes Sustainability,Minimizing Unneeded Data Practices Boosts Sustainability
Bug Report,Universalism,Protecting the Environment,Reducing Clutter For Resource Efficiency,Clutter Reduction For Resource Efficiency
Bug Report,Universalism,Protecting the Environment,Transparency And Design Improve User Experience,Transparency & Design Enhanced Ux
Bug Report,Universalism,Social Justice,Messaging Fixes Promote Communication Inclusivity,Msg Fixes Promote Comm Inclusivity
Bug Report,Universalism,Social Justice,Software Security And Management Enhancements,Security & Management Enhancements
Bug Report,Universalism,Social Justice,Inclusive Search Promotes Equality,Inclusive Search Promotes Equality
Bug Report,Universalism,Social Justice,Software Inclusivity Promotes Equality,Software Inclusion Promotes Equality
